{"cameraMode":{"drawMode":0,"name":"Shaded","section":"Shading Mode"},"sceneLighting":true,"audioPlay":false,"sceneViewState":{"m_AlwaysRefresh":false,"showFog":true,"showSkybox":true,"showFlares":true,"showImageEffects":true,"showParticleSystems":true,"showVisualEffectGraphs":true,"m_FxEnabled":true},"in2DMode":false,"pivot":{"x":-309.52227783203127,"y":-52.64177322387695,"z":266.7774963378906},"rotation":{"x":0.06078999117016792,"y":-0.4150230586528778,"z":0.027804287150502206,"w":0.9073299169540405},"size":210.66693115234376,"orthographic":false}